year,lhs,rhs,stat,p
2015,grazer,16S,0.15464866052155393,0.0309
2015,grazer,18S,0.09917253253750798,0.1035
2015,16S,18S,0.47955391255803764,1e-4
2016,grazer,16S,0.34147787306380084,0.0056
2016,grazer,18S,0.3112495985002527,0.0023
2016,16S,18S,0.49024950428793285,1e-4
2017,grazer,16S,0.2602574464801903,0.0295
2017,grazer,18S,0.6363636363636362,0.03333333333333333
2017,16S,18S,0.6969696969696969,0.03333333333333333
