year,lhs,rhs,stat,p
2015,grazer,16S,0.11960231584483073,0.0723
2015,grazer,18S,0.09917253253750798,0.1053
2015,16S,18S,0.4255167838077574,1e-4
2016,grazer,16S,0.3496474126092096,0.0055
2016,grazer,18S,0.3112495985002527,0.0018
2016,16S,18S,0.4640552790268461,1e-4
2017,grazer,16S,0.24428350168811913,0.0387
2017,grazer,18S,0.6363636363636362,0.03333333333333333
2017,16S,18S,0.6727272727272726,0.06666666666666667
