site,nitraterange,tempmean,temprange,curveloc,nitratemean,salinityrange,salinitymean,dissoxmean,dissoxrange
inner_choked,13.69498444,7.56965971,1.40178287,0.04567425,24.25076866,1.048229218,33.41476822,121.7068024,115.3081894
sandspit,13.69498444,7.56965971,1.40178287,0.04567425,24.25076866,1.048229218,33.41476822,121.7068024,115.3081894
triquet_north,7.178434372,7.307836056,1.27417016,0.036843598,26.05080032,0.780002594,33.61186981,103.7878418,61.15460968
triquet_south,7.178434372,7.307836056,1.27417016,0.036843598,26.05080032,0.780002594,33.61186981,103.7878418,61.15460968