year,pair,samples,ss,signif,corr
2017,macro-16S,15,0.8063853407457271,0.052,0.4400166579281663
2017,macro-18S,5,0.5033475526414503,0.2916666666666667,0.7047357287370563
2017,18S-16S,5,0.3899688625801703,0.025,0.7810449010267142
