year,pair,samples,ss,signif,corr
2016,macro-16S,18,0.8145107275152745,0.074,0.4306846555018248
2016,macro-18S,19,0.794385335138917,0.032,0.45344753264416715
2016,18S-16S,29,0.5746186820678375,1e-4,0.6522126324536827
