year,pair,samples,ss,signif,corr
2015,macro-16S,43,0.8491133243373795,0.002,0.388441341340775
2015,macro-18S,34,0.9184380714276381,0.021,0.28559049103981365
2015,18S-16S,38,0.6808722295081193,0.0277,0.5649139496347039
