"","Df","SumOfSqs","R2","F","Pr(>F)"
"region",4,7.17085396510019,0.176552050544938,12.6640571878788,0.001
"year",1,6.83706314559447,0.168333858691691,48.2982691290866,0.001
"Residual",182,25.7637699018248,0.634324228058878,NA,NA
"Total",187,40.616089946092,1,NA,NA
