"","Df","SumOfSqs","R2","F","Pr(>F)"
"region",4,12.7082360927466,0.28590838437721,14.9336713677137,0.001
"year",1,1.09551870891621,0.0246468496363563,5.14945308121069,0.001
"Residual",136,28.9332754494339,0.650937390375518,NA,NA
"Total",141,44.4486303555902,1,NA,NA
