"","Df","SumOfSqs","R2","F","Pr(>F)"
"region",4,3.87818539663427,0.188733159026481,9.75627198353686,0.001
"year",1,3.87671667084645,0.188661683006299,39.010308559992,0.001
"Residual",108,10.7326862028672,0.522309679590098,NA,NA
"Total",113,20.5485110122601,1,NA,NA
