"","Df","SumOfSqs","R2","F","Pr(>F)"
"region",4,11.7381759601967,0.22643740435829,10.6132008164805,0.001
"year",1,1.45689136977381,0.0281044262176868,5.26905738255697,0.001
"Residual",136,37.6039226570513,0.725405264755451,NA,NA
"Total",141,51.8385025365488,1,NA,NA
