"","Df","SumOfSqs","R2","F","Pr(>F)"
"region",3,3.82824783350178,0.372660880103503,12.341017143074,0.001
"year",1,0.500913812024571,0.0487614674294285,4.84434619459563,0.001
"Residual",57,5.89389901928424,0.573741745909517,NA,NA
"Total",61,10.2727386691045,1,NA,NA
