"","Df","SumOfSqs","R2","F","Pr(>F)"
"region",3,2.4229848526034,0.355184522398464,12.3081667304894,0.001
"year",1,0.542605416446133,0.0795403427653145,8.2689059248264,0.001
"Residual",57,3.74033868792369,0.54829497140737,NA,NA
"Total",61,6.82176361808123,1,NA,NA
