"","Df","SumOfSqs","R2","F","Pr(>F)"
"region",4,11.3318309042837,0.19647747956407,10.2627947922047,0.001
"year",1,1.32430565522558,0.0229615354755077,4.79748675974276,0.001
"Residual",159,43.8906055870299,0.760999315566948,NA,NA
"Total",164,57.6749606592368,1,NA,NA
